Название,Автор,Ч/Б,Возраст,Страна,Цена,Количество,Стиль,Материал печати,Рейтинг,Общая стоимость
Человек-паук,Stan Lee,Нет,12+,США,500,2,Супергероика,Глянцевая бумага,4.8,1000
Бэтмен,Bob Kane,Нет,16+,США,600,1,Супергероика,Матовая бумага,4.7,600
One Piece,Eiichiro Oda,Да,12+,Япония,450,3,Сёнэн,Глянцевая бумага,4.9,1350
Наруто,Masashi Kishimoto,Да,12+,Япония,400,2,Сёнэн,Газетная бумага,4.8,800
Берсерк,Kentaro Miura,Да,18+,Япония,700,1,Сейнен,Глянцевая бумага,4.9,700
Сейлор Мун,Naoko Takeuchi,Да,12+,Япония,350,2,Сёдзё,Матовая бумага,4.7,700
Скотт Пилигрим,Bryan Lee O'Malley,Нет,16+,Канада,420,1,Комедия,Газетная бумага,4.6,420
Ходячие мертвецы,Robert Kirkman,Нет,18+,США,550,2,Хоррор,Глянцевая бумага,4.5,1100
Death Note,Tsugumi Ohba,Да,16+,Япония,380,2,Сёнэн,Матовая бумага,4.8,760
V значит вендетта,Alan Moore,Нет,18+,Великобритания,480,1,Драма,Газетная бумага,4.7,480
Сага,Brian K. Vaughan,Нет,18+,США,520,1,Фэнтези,Глянцевая бумага,4.8,520
Attack on Titan,Hajime Isayama,Да,16+,Япония,430,2,Сёнэн,Газетная бумага,4.7,860
Fullmetal Alchemist,Hiromu Arakawa,Да,12+,Япония,410,2,Сёнэн,Глянцевая бумага,4.8,820
Sandman,Neil Gaiman,Нет,18+,США,600,1,Фэнтези,Матовая бумага,4.9,600
Akira,Katsuhiro Otomo,Да,16+,Япония,500,1,Сейнен,Газетная бумага,4.8,500
Monster,Naoki Urasawa,Да,18+,Япония,520,1,Триллер,Глянцевая бумага,4.7,520
Bleach,Tite Kubo,Да,12+,Япония,390,2,Сёнэн,Матовая бумага,4.6,780
Black Butler,Yana Toboso,Да,16+,Япония,370,2,Сёдзё,Газетная бумага,4.5,740
Люди Икс,Stan Lee,Нет,12+,США,480,1,Супергероика,Глянцевая бумага,4.7,480
Dorohedoro,Q Hayashida,Да,18+,Япония,530,1,Сейнен,Матовая бумага,4.6,530
My Hero Academia,Kohei Horikoshi,Да,12+,Япония,410,2,Сёнэн,Газетная бумага,4.8,820
Tokyo Ghoul,Sui Ishida,Да,18+,Япония,470,1,Сейнен,Глянцевая бумага,4.7,470
Ведьмак,Andrzej Sapkowski,Нет,16+,Польша,450,1,Фэнтези,Матовая бумага,4.6,450
Demon Slayer,Koyoharu Gotouge,Да,12+,Япония,420,2,Сёнэн,Газетная бумага,4.9,840
Mob Psycho 100,ONE,Да,12+,Япония,390,2,Сёнэн,Глянцевая бумага,4.7,780
Chainsaw Man,Tatsuki Fujimoto,Да,18+,Япония,510,1,Сейнен,Матовая бумага,4.8,510
Время Приключений,Pendleton Ward,Нет,6+,США,350,3,Комедия,Газетная бумага,4.5,1050
Calvin and Hobbes,Bill Watterson,Нет,6+,США,300,2,Комедия,Глянцевая бумага,4.9,600
Garfield,Jim Davis,Нет,6+,США,250,3,Комедия,Матовая бумага,4.8,750
Peanuts,Charles Schulz,Нет,6+,США,270,2,Комедия,Газетная бумага,4.7,540
Винни-Пух,Alan Alexander Milne,Нет,0+,Великобритания,200,2,Детский,Глянцевая бумага,4.8,400
Малыш и Карлсон,Astrid Lindgren,Нет,0+,Швеция,220,2,Детский,Матовая бумага,4.7,440
Astérix,Rene Goscinny,Нет,6+,Франция,320,2,Приключения,Газетная бумага,4.8,640
Tintin,Hergé,Нет,6+,Бельгия,340,2,Приключения,Глянцевая бумага,4.7,680
Lucky Luke,Morris,Нет,6+,Бельгия,330,2,Приключения,Матовая бумага,4.6,660
Blue Period,Tsubasa Yamaguchi,Да,16+,Япония,400,1,Сейнен,Газетная бумага,4.7,400
Spy x Family,Tatsuya Endo,Да,12+,Япония,420,2,Сёнэн,Глянцевая бумага,4.8,840
Solo Leveling,Chugong,Да,16+,Корея,500,1,Манхва,Матовая бумага,4.9,500
Tower of God,SIU,Да,16+,Корея,480,1,Манхва,Газетная бумага,4.8,480
Noblesse,Son Jeho,Да,16+,Корея,470,1,Манхва,Глянцевая бумага,4.7,470
Lookism,Park Tae-jun,Да,16+,Корея,460,1,Манхва,Матовая бумага,4.6,460
Unordinary,uru-chan,Нет,16+,США,410,1,Веб-комикс,Газетная бумага,4.5,410
Lore Olympus,Rachel Smythe,Нет,16+,США,430,1,Веб-комикс,Глянцевая бумага,4.8,430
Sarah's Scribbles,Sarah Andersen,Нет,12+,США,350,2,Веб-комикс,Матовая бумага,4.9,700
Cyanide & Happiness,Rob DenBleyker,Нет,16+,США,370,2,Веб-комикс,Газетная бумага,4.7,740
xkcd,Randall Munroe,Нет,12+,США,390,1,Веб-комикс,Глянцевая бумага,4.8,390
The Oatmeal,Matthew Inman,Нет,12+,США,380,1,Веб-комикс,Матовая бумага,4.7,380
Ctrl+Alt+Del,Tim Buckley,Нет,16+,США,400,1,Веб-комикс,Газетная бумага,4.6,400
Dorkly,Andrew Bridgman,Нет,12+,США,360,1,Веб-комикс,Глянцевая бумага,4.5,360
Penny Arcade,Jerry Holkins,Нет,16+,США,420,1,Веб-комикс,Матовая бумага,4.7,420 